epoch,loss,train_acc,test_acc
1,1.844991773010725,0.6477116847487218,0.7980049875311721
2,1.0379970674495773,0.6918568400049881,0.7680798004987531
